{
    "method": "DecisionTreeClassifier",
    "dataset": "NASA",
    "subDataset": "cm1",
    "result": [
        {
            "train samples": "32",
            "defective train samples": "4",
            "precision": 0.11764705882352941,
            "recall": 0.10526315789473684,
            "pf": 0.11673151750972763,
            "F-measure": 0.1111111111111111,
            "accuracy": 0.7830508474576271,
            "AUC": 0.49426582019250453
        },
        {
            "train samples": "65",
            "defective train samples": "8",
            "precision": 0.2777777777777778,
            "recall": 0.29411764705882354,
            "pf": 0.11403508771929824,
            "F-measure": 0.28571428571428575,
            "accuracy": 0.8091603053435115,
            "AUC": 0.5900412796697627
        },
        {
            "train samples": "97",
            "defective train samples": "12",
            "precision": 0.23333333333333334,
            "recall": 0.23333333333333334,
            "pf": 0.115,
            "F-measure": 0.23333333333333334,
            "accuracy": 0.8,
            "AUC": 0.5591666666666667
        }
    ]
}