{
    "method": "DecisionTreeClassifier",
    "dataset": "NASA",
    "subDataset": "mc2",
    "result": [
        {
            "train samples": "12",
            "defective train samples": "4",
            "precision": 0.5,
            "recall": 0.475,
            "pf": 0.2602739726027397,
            "F-measure": 0.48717948717948717,
            "accuracy": 0.6460176991150443,
            "AUC": 0.6073630136986302
        },
        {
            "train samples": "24",
            "defective train samples": "8",
            "precision": 0.32,
            "recall": 0.2222222222222222,
            "pf": 0.26153846153846155,
            "F-measure": 0.26229508196721313,
            "accuracy": 0.5544554455445545,
            "AUC": 0.4803418803418804
        },
        {
            "train samples": "37",
            "defective train samples": "13",
            "precision": 0.45454545454545453,
            "recall": 0.3225806451612903,
            "pf": 0.21052631578947367,
            "F-measure": 0.3773584905660377,
            "accuracy": 0.625,
            "AUC": 0.5560271646859083
        }
    ]
}