{
    "method": "DecisionTreeClassifier",
    "dataset": "NASA",
    "subDataset": "mw1",
    "result": [
        {
            "train samples": "24",
            "defective train samples": "2",
            "precision": 0.0,
            "recall": 0.0,
            "pf": 0.09313725490196079,
            "F-measure": 0.0,
            "accuracy": 0.8078602620087336,
            "AUC": 0.4534313725490196
        },
        {
            "train samples": "50",
            "defective train samples": "5",
            "precision": 0.2857142857142857,
            "recall": 0.5454545454545454,
            "pf": 0.16574585635359115,
            "F-measure": 0.37499999999999994,
            "accuracy": 0.8029556650246306,
            "AUC": 0.689854344550477
        },
        {
            "train samples": "75",
            "defective train samples": "8",
            "precision": 0.06666666666666667,
            "recall": 0.05263157894736842,
            "pf": 0.0880503144654088,
            "F-measure": 0.058823529411764705,
            "accuracy": 0.8202247191011236,
            "AUC": 0.4822906322409798
        }
    ]
}