{
    "method": "DecisionTreeClassifier",
    "dataset": "NASA",
    "subDataset": "pc3",
    "result": [
        {
            "train samples": "107",
            "defective train samples": "13",
            "precision": 0.2755905511811024,
            "recall": 0.2892561983471074,
            "pf": 0.10836277974087162,
            "F-measure": 0.282258064516129,
            "accuracy": 0.8164948453608247,
            "AUC": 0.5904467093031178
        },
        {
            "train samples": "214",
            "defective train samples": "26",
            "precision": 0.22807017543859648,
            "recall": 0.24074074074074073,
            "pf": 0.11655629139072848,
            "F-measure": 0.23423423423423423,
            "accuracy": 0.8030127462340672,
            "AUC": 0.5620922246750061
        },
        {
            "train samples": "322",
            "defective train samples": "40",
            "precision": 0.2878787878787879,
            "recall": 0.40425531914893614,
            "pf": 0.1422087745839637,
            "F-measure": 0.336283185840708,
            "accuracy": 0.8013245033112583,
            "AUC": 0.6310232722824861
        }
    ]
}