{
    "method": "SVC",
    "dataset": "CK",
    "subDataset": "jedit4",
    "result": [
        {
            "train samples": "30",
            "defective train samples": "7",
            "precision": 0.0,
            "recall": 0.0,
            "pf": 0.0,
            "F-measure": 0.0,
            "accuracy": 0.7536231884057971,
            "AUC": 0.5
        },
        {
            "train samples": "61",
            "defective train samples": "15",
            "precision": 0.5217391304347826,
            "recall": 0.2,
            "pf": 0.05945945945945946,
            "F-measure": 0.2891566265060241,
            "accuracy": 0.7591836734693878,
            "AUC": 0.5702702702702702
        },
        {
            "train samples": "91",
            "defective train samples": "22",
            "precision": 0.0,
            "recall": 0.0,
            "pf": 0.006172839506172839,
            "F-measure": 0.0,
            "accuracy": 0.7488372093023256,
            "AUC": 0.49691358024691357
        }
    ]
}