{
    "method": "KNeighborsClassifier",
    "dataset": "NASA",
    "subDataset": "mw1",
    "result": [
        {
            "train samples": "24",
            "defective train samples": "2",
            "precision": 0.0,
            "recall": 0.0,
            "pf": 0.0,
            "F-measure": 0.0,
            "accuracy": 0.8908296943231441,
            "AUC": 0.5
        },
        {
            "train samples": "50",
            "defective train samples": "5",
            "precision": 0.4,
            "recall": 0.18181818181818182,
            "pf": 0.03314917127071823,
            "F-measure": 0.25000000000000006,
            "accuracy": 0.8817733990147784,
            "AUC": 0.5743345052737318
        },
        {
            "train samples": "75",
            "defective train samples": "8",
            "precision": 0.0,
            "recall": 0.0,
            "pf": 0.06918238993710692,
            "F-measure": 0.0,
            "accuracy": 0.8314606741573034,
            "AUC": 0.46540880503144655
        }
    ]
}