{
    "method": "CBLOF",
    "dataset": "NASA",
    "subDataset": "kc3",
    "result": [
        {
            "train samples": "18",
            "defective train samples": "3",
            "precision": 0.2608695652173913,
            "recall": 0.36363636363636365,
            "pf": 0.23776223776223776,
            "F-measure": 0.3037974683544304,
            "accuracy": 0.6875,
            "AUC": 0.562937062937063
        },
        {
            "train samples": "38",
            "defective train samples": "7",
            "precision": 0.2727272727272727,
            "recall": 0.41379310344827586,
            "pf": 0.25196850393700787,
            "F-measure": 0.32876712328767127,
            "accuracy": 0.6858974358974359,
            "AUC": 0.580912299755634
        },
        {
            "train samples": "57",
            "defective train samples": "10",
            "precision": 0.2571428571428571,
            "recall": 0.34615384615384615,
            "pf": 0.23423423423423423,
            "F-measure": 0.29508196721311475,
            "accuracy": 0.6861313868613139,
            "AUC": 0.555959805959806
        }
    ]
}