{
    "method": "CBLOF",
    "dataset": "NASA",
    "subDataset": "mw1",
    "result": [
        {
            "train samples": "24",
            "defective train samples": "2",
            "precision": 0.2112676056338028,
            "recall": 0.6,
            "pf": 0.27450980392156865,
            "F-measure": 0.3125,
            "accuracy": 0.7117903930131004,
            "AUC": 0.6627450980392158
        },
        {
            "train samples": "50",
            "defective train samples": "5",
            "precision": 0.19298245614035087,
            "recall": 0.5,
            "pf": 0.2541436464088398,
            "F-measure": 0.27848101265822783,
            "accuracy": 0.7192118226600985,
            "AUC": 0.6229281767955801
        },
        {
            "train samples": "75",
            "defective train samples": "8",
            "precision": 0.2,
            "recall": 0.2631578947368421,
            "pf": 0.12578616352201258,
            "F-measure": 0.22727272727272727,
            "accuracy": 0.8089887640449438,
            "AUC": 0.5686858656074147
        }
    ]
}