{
    "method": "CBLOF",
    "dataset": "NASA",
    "subDataset": "pc1",
    "result": [
        {
            "train samples": "70",
            "defective train samples": "6",
            "precision": 0.16666666666666666,
            "recall": 0.5272727272727272,
            "pf": 0.25,
            "F-measure": 0.25327510917030566,
            "accuracy": 0.7307086614173228,
            "AUC": 0.6386363636363637
        },
        {
            "train samples": "140",
            "defective train samples": "12",
            "precision": 0.14893617021276595,
            "recall": 0.2857142857142857,
            "pf": 0.15503875968992248,
            "F-measure": 0.1958041958041958,
            "accuracy": 0.7964601769911505,
            "AUC": 0.5653377630121815
        },
        {
            "train samples": "211",
            "defective train samples": "18",
            "precision": 0.17857142857142858,
            "recall": 0.23255813953488372,
            "pf": 0.10199556541019955,
            "F-measure": 0.20202020202020202,
            "accuracy": 0.840080971659919,
            "AUC": 0.565281287062342
        }
    ]
}