{
    "method": "RandomForest",
    "dataset": "NASA",
    "subDataset": "cm1",
    "result": [
        {
            "train samples": "32",
            "defective train samples": "4",
            "precision": 0.25,
            "recall": 0.13157894736842105,
            "pf": 0.058365758754863814,
            "F-measure": 0.1724137931034483,
            "accuracy": 0.8372881355932204,
            "AUC": 0.5366065943067786
        },
        {
            "train samples": "65",
            "defective train samples": "8",
            "precision": 0.25,
            "recall": 0.029411764705882353,
            "pf": 0.013157894736842105,
            "F-measure": 0.05263157894736842,
            "accuracy": 0.8625954198473282,
            "AUC": 0.50812693498452
        },
        {
            "train samples": "97",
            "defective train samples": "12",
            "precision": 0.125,
            "recall": 0.03333333333333333,
            "pf": 0.035,
            "F-measure": 0.052631578947368425,
            "accuracy": 0.8434782608695652,
            "AUC": 0.4991666666666667
        }
    ]
}