{
    "method": "GaussianNB",
    "dataset": "NASA",
    "subDataset": "cm1",
    "result": [
        {
            "train samples": "32",
            "defective train samples": "4",
            "precision": 0.26153846153846155,
            "recall": 0.4473684210526316,
            "pf": 0.1867704280155642,
            "F-measure": 0.3300970873786408,
            "accuracy": 0.7661016949152543,
            "AUC": 0.6302989965185337
        },
        {
            "train samples": "65",
            "defective train samples": "8",
            "precision": 0.14619883040935672,
            "recall": 0.7352941176470589,
            "pf": 0.6403508771929824,
            "F-measure": 0.24390243902439027,
            "accuracy": 0.4083969465648855,
            "AUC": 0.5474716202270382
        },
        {
            "train samples": "97",
            "defective train samples": "12",
            "precision": 0.10465116279069768,
            "recall": 0.6,
            "pf": 0.77,
            "F-measure": 0.17821782178217824,
            "accuracy": 0.2782608695652174,
            "AUC": 0.415
        }
    ]
}