{
    "method": "GaussianNB",
    "dataset": "NASA",
    "subDataset": "kc3",
    "result": [
        {
            "train samples": "18",
            "defective train samples": "3",
            "precision": 0.42857142857142855,
            "recall": 0.18181818181818182,
            "pf": 0.055944055944055944,
            "F-measure": 0.2553191489361702,
            "accuracy": 0.8011363636363636,
            "AUC": 0.5629370629370629
        },
        {
            "train samples": "38",
            "defective train samples": "7",
            "precision": 0.3793103448275862,
            "recall": 0.3793103448275862,
            "pf": 0.14173228346456693,
            "F-measure": 0.3793103448275862,
            "accuracy": 0.7692307692307693,
            "AUC": 0.6187890306815097
        },
        {
            "train samples": "57",
            "defective train samples": "10",
            "precision": 0.35714285714285715,
            "recall": 0.38461538461538464,
            "pf": 0.16216216216216217,
            "F-measure": 0.3703703703703704,
            "accuracy": 0.7518248175182481,
            "AUC": 0.6112266112266111
        }
    ]
}