{
    "method": "GaussianNB",
    "dataset": "NASA",
    "subDataset": "mc2",
    "result": [
        {
            "train samples": "12",
            "defective train samples": "4",
            "precision": 0.5925925925925926,
            "recall": 0.4,
            "pf": 0.1506849315068493,
            "F-measure": 0.4776119402985075,
            "accuracy": 0.6902654867256637,
            "AUC": 0.6246575342465753
        },
        {
            "train samples": "24",
            "defective train samples": "8",
            "precision": 0.8,
            "recall": 0.2222222222222222,
            "pf": 0.03076923076923077,
            "F-measure": 0.3478260869565218,
            "accuracy": 0.7029702970297029,
            "AUC": 0.5957264957264957
        },
        {
            "train samples": "37",
            "defective train samples": "13",
            "precision": 0.5652173913043478,
            "recall": 0.41935483870967744,
            "pf": 0.17543859649122806,
            "F-measure": 0.4814814814814815,
            "accuracy": 0.6818181818181818,
            "AUC": 0.6219581211092248
        }
    ]
}