{
    "method": "GaussianNB",
    "dataset": "NASA",
    "subDataset": "mw1",
    "result": [
        {
            "train samples": "24",
            "defective train samples": "2",
            "precision": 0.04411764705882353,
            "recall": 0.12,
            "pf": 0.31862745098039214,
            "F-measure": 0.06451612903225806,
            "accuracy": 0.6200873362445415,
            "AUC": 0.40068627450980393
        },
        {
            "train samples": "50",
            "defective train samples": "5",
            "precision": 0.24193548387096775,
            "recall": 0.6818181818181818,
            "pf": 0.2596685082872928,
            "F-measure": 0.35714285714285715,
            "accuracy": 0.7339901477832512,
            "AUC": 0.7110748367654445
        },
        {
            "train samples": "75",
            "defective train samples": "8",
            "precision": 0.3548387096774194,
            "recall": 0.5789473684210527,
            "pf": 0.12578616352201258,
            "F-measure": 0.44000000000000006,
            "accuracy": 0.8426966292134831,
            "AUC": 0.7265806024495202
        }
    ]
}