{
    "method": "RandomForest",
    "dataset": "CK",
    "subDataset": "ivy2",
    "result": [
        {
            "train samples": "35",
            "defective train samples": "4",
            "precision": 0.4,
            "recall": 0.05555555555555555,
            "pf": 0.010676156583629894,
            "F-measure": 0.09756097560975609,
            "accuracy": 0.8832807570977917,
            "AUC": 0.5224396994859628
        },
        {
            "train samples": "70",
            "defective train samples": "8",
            "precision": 0.42105263157894735,
            "recall": 0.25,
            "pf": 0.044,
            "F-measure": 0.3137254901960784,
            "accuracy": 0.875886524822695,
            "AUC": 0.6029999999999999
        },
        {
            "train samples": "105",
            "defective train samples": "12",
            "precision": 0.34782608695652173,
            "recall": 0.2857142857142857,
            "pf": 0.0684931506849315,
            "F-measure": 0.3137254901960784,
            "accuracy": 0.8582995951417004,
            "AUC": 0.6086105675146769
        }
    ]
}