{
    "method": "RandomForest",
    "dataset": "CK",
    "subDataset": "lucene2",
    "result": [
        {
            "train samples": "33",
            "defective train samples": "20",
            "precision": 0.6697674418604651,
            "recall": 0.7868852459016393,
            "pf": 0.5725806451612904,
            "F-measure": 0.7236180904522613,
            "accuracy": 0.6416938110749185,
            "AUC": 0.6071523003701744
        },
        {
            "train samples": "67",
            "defective train samples": "40",
            "precision": 0.6813186813186813,
            "recall": 0.7607361963190185,
            "pf": 0.5272727272727272,
            "F-measure": 0.7188405797101449,
            "accuracy": 0.6446886446886447,
            "AUC": 0.6167317345231456
        },
        {
            "train samples": "101",
            "defective train samples": "60",
            "precision": 0.7446808510638298,
            "recall": 0.7342657342657343,
            "pf": 0.375,
            "F-measure": 0.7394366197183099,
            "accuracy": 0.6903765690376569,
            "AUC": 0.6796328671328671
        }
    ]
}