{
    "method": "RandomForest",
    "dataset": "CK",
    "subDataset": "xalan2",
    "result": [
        {
            "train samples": "79",
            "defective train samples": "38",
            "precision": 0.5931758530183727,
            "recall": 0.6475644699140402,
            "pf": 0.41333333333333333,
            "F-measure": 0.6191780821917807,
            "accuracy": 0.6160220994475138,
            "AUC": 0.6171155682903534
        },
        {
            "train samples": "160",
            "defective train samples": "77",
            "precision": 0.654275092936803,
            "recall": 0.567741935483871,
            "pf": 0.27927927927927926,
            "F-measure": 0.6079447322970639,
            "accuracy": 0.6469673405909798,
            "AUC": 0.6442313281022958
        },
        {
            "train samples": "240",
            "defective train samples": "116",
            "precision": 0.6486486486486487,
            "recall": 0.7084870848708487,
            "pf": 0.3561643835616438,
            "F-measure": 0.6772486772486772,
            "accuracy": 0.6749555950266429,
            "AUC": 0.6761613506546024
        }
    ]
}