{
    "method": "XGBOD",
    "dataset": "CK",
    "subDataset": "ant1",
    "result": [
        {
            "train samples": "34",
            "defective train samples": "9",
            "precision": 0.547945205479452,
            "recall": 0.4819277108433735,
            "pf": 0.14102564102564102,
            "F-measure": 0.5128205128205129,
            "accuracy": 0.7602523659305994,
            "AUC": 0.6704510349088663
        },
        {
            "train samples": "69",
            "defective train samples": "18",
            "precision": 0.5686274509803921,
            "recall": 0.3918918918918919,
            "pf": 0.10576923076923077,
            "F-measure": 0.464,
            "accuracy": 0.7624113475177305,
            "AUC": 0.6430613305613305
        },
        {
            "train samples": "104",
            "defective train samples": "27",
            "precision": 0.5555555555555556,
            "recall": 0.5384615384615384,
            "pf": 0.15384615384615385,
            "F-measure": 0.5468749999999999,
            "accuracy": 0.7651821862348178,
            "AUC": 0.6923076923076922
        }
    ]
}