{
    "method": "XGBOD",
    "dataset": "CK",
    "subDataset": "jedit4",
    "result": [
        {
            "train samples": "30",
            "defective train samples": "7",
            "precision": 0.2857142857142857,
            "recall": 0.11764705882352941,
            "pf": 0.09615384615384616,
            "F-measure": 0.16666666666666666,
            "accuracy": 0.7101449275362319,
            "AUC": 0.5107466063348416
        },
        {
            "train samples": "61",
            "defective train samples": "15",
            "precision": 0.515625,
            "recall": 0.55,
            "pf": 0.16756756756756758,
            "F-measure": 0.5322580645161291,
            "accuracy": 0.763265306122449,
            "AUC": 0.6912162162162162
        },
        {
            "train samples": "91",
            "defective train samples": "22",
            "precision": 0.6666666666666666,
            "recall": 0.49056603773584906,
            "pf": 0.08024691358024691,
            "F-measure": 0.5652173913043478,
            "accuracy": 0.813953488372093,
            "AUC": 0.7051595620778011
        }
    ]
}