{
    "method": "XGBOD",
    "dataset": "CK",
    "subDataset": "jedit4",
    "result": [
        {
            "train samples": "30",
            "defective train samples": "7",
            "precision": 0.37037037037037035,
            "recall": 0.14705882352941177,
            "pf": 0.08173076923076923,
            "F-measure": 0.21052631578947367,
            "accuracy": 0.7282608695652174,
            "AUC": 0.5326640271493213
        },
        {
            "train samples": "61",
            "defective train samples": "15",
            "precision": 0.44285714285714284,
            "recall": 0.5166666666666667,
            "pf": 0.21081081081081082,
            "F-measure": 0.47692307692307695,
            "accuracy": 0.7224489795918367,
            "AUC": 0.6529279279279279
        },
        {
            "train samples": "91",
            "defective train samples": "22",
            "precision": 0.6341463414634146,
            "recall": 0.49056603773584906,
            "pf": 0.09259259259259259,
            "F-measure": 0.5531914893617021,
            "accuracy": 0.8046511627906977,
            "AUC": 0.6989867225716283
        }
    ]
}