{
    "method": "XGBOD",
    "dataset": "CK",
    "subDataset": "lucene2",
    "result": [
        {
            "train samples": "33",
            "defective train samples": "20",
            "precision": 0.6363636363636364,
            "recall": 0.6502732240437158,
            "pf": 0.5483870967741935,
            "F-measure": 0.6432432432432432,
            "accuracy": 0.5700325732899023,
            "AUC": 0.5509430636347612
        },
        {
            "train samples": "67",
            "defective train samples": "40",
            "precision": 0.7094972067039106,
            "recall": 0.7791411042944786,
            "pf": 0.4727272727272727,
            "F-measure": 0.7426900584795323,
            "accuracy": 0.6776556776556777,
            "AUC": 0.653206915783603
        },
        {
            "train samples": "101",
            "defective train samples": "60",
            "precision": 0.695364238410596,
            "recall": 0.7342657342657343,
            "pf": 0.4791666666666667,
            "F-measure": 0.7142857142857142,
            "accuracy": 0.6485355648535565,
            "AUC": 0.6275495337995337
        }
    ]
}