{
    "method": "XGBOD",
    "dataset": "CK",
    "subDataset": "xalan2",
    "result": [
        {
            "train samples": "79",
            "defective train samples": "38",
            "precision": 0.6184615384615385,
            "recall": 0.5759312320916905,
            "pf": 0.33066666666666666,
            "F-measure": 0.5964391691394659,
            "accuracy": 0.6243093922651933,
            "AUC": 0.6226322827125119
        },
        {
            "train samples": "160",
            "defective train samples": "77",
            "precision": 0.597972972972973,
            "recall": 0.5709677419354838,
            "pf": 0.35735735735735735,
            "F-measure": 0.5841584158415841,
            "accuracy": 0.6080870917573873,
            "AUC": 0.6068051922890632
        },
        {
            "train samples": "240",
            "defective train samples": "116",
            "precision": 0.6085626911314985,
            "recall": 0.7343173431734318,
            "pf": 0.4383561643835616,
            "F-measure": 0.6655518394648829,
            "accuracy": 0.6447602131438721,
            "AUC": 0.6479805893949351
        }
    ]
}