{
    "method": "BaggingClassifierPU",
    "dataset": "NASA",
    "subDataset": "cm1",
    "result": [
        {
            "train samples": "32",
            "defective train samples": "4",
            "precision": 0.20408163265306123,
            "recall": 0.7894736842105263,
            "pf": 0.45525291828793774,
            "F-measure": 0.32432432432432434,
            "accuracy": 0.576271186440678,
            "AUC": 0.6671103829612943
        },
        {
            "train samples": "65",
            "defective train samples": "8",
            "precision": 0.2403846153846154,
            "recall": 0.7352941176470589,
            "pf": 0.34649122807017546,
            "F-measure": 0.36231884057971014,
            "accuracy": 0.6641221374045801,
            "AUC": 0.6944014447884417
        },
        {
            "train samples": "97",
            "defective train samples": "12",
            "precision": 0.21904761904761905,
            "recall": 0.7666666666666667,
            "pf": 0.41,
            "F-measure": 0.34074074074074073,
            "accuracy": 0.6130434782608696,
            "AUC": 0.6783333333333333
        }
    ]
}