{
    "method": "BaggingClassifierPU",
    "dataset": "NASA",
    "subDataset": "cm1",
    "result": [
        {
            "train samples": "32",
            "defective train samples": "4",
            "precision": 0.2,
            "recall": 0.7894736842105263,
            "pf": 0.4669260700389105,
            "F-measure": 0.31914893617021284,
            "accuracy": 0.5661016949152542,
            "AUC": 0.661273807085808
        },
        {
            "train samples": "65",
            "defective train samples": "8",
            "precision": 0.24,
            "recall": 0.7058823529411765,
            "pf": 0.3333333333333333,
            "F-measure": 0.3582089552238806,
            "accuracy": 0.6717557251908397,
            "AUC": 0.6862745098039217
        },
        {
            "train samples": "97",
            "defective train samples": "12",
            "precision": 0.20388349514563106,
            "recall": 0.7,
            "pf": 0.41,
            "F-measure": 0.3157894736842105,
            "accuracy": 0.6043478260869565,
            "AUC": 0.645
        }
    ]
}