{
    "method": "BaggingClassifierPU",
    "dataset": "NASA",
    "subDataset": "kc3",
    "result": [
        {
            "train samples": "18",
            "defective train samples": "3",
            "precision": 0.3023255813953488,
            "recall": 0.3939393939393939,
            "pf": 0.2097902097902098,
            "F-measure": 0.34210526315789475,
            "accuracy": 0.7159090909090909,
            "AUC": 0.5920745920745921
        },
        {
            "train samples": "38",
            "defective train samples": "7",
            "precision": 0.30158730158730157,
            "recall": 0.6551724137931034,
            "pf": 0.3464566929133858,
            "F-measure": 0.4130434782608695,
            "accuracy": 0.6538461538461539,
            "AUC": 0.6543578604398588
        },
        {
            "train samples": "57",
            "defective train samples": "10",
            "precision": 0.2564102564102564,
            "recall": 0.7692307692307693,
            "pf": 0.5225225225225225,
            "F-measure": 0.38461538461538464,
            "accuracy": 0.5328467153284672,
            "AUC": 0.6233541233541233
        }
    ]
}