{
    "method": "BaggingClassifierPU",
    "dataset": "NASA",
    "subDataset": "mc2",
    "result": [
        {
            "train samples": "12",
            "defective train samples": "4",
            "precision": 0.4528301886792453,
            "recall": 0.6,
            "pf": 0.3972602739726027,
            "F-measure": 0.5161290322580645,
            "accuracy": 0.6017699115044248,
            "AUC": 0.6013698630136987
        },
        {
            "train samples": "24",
            "defective train samples": "8",
            "precision": 0.410958904109589,
            "recall": 0.8333333333333334,
            "pf": 0.6615384615384615,
            "F-measure": 0.5504587155963302,
            "accuracy": 0.5148514851485149,
            "AUC": 0.585897435897436
        },
        {
            "train samples": "37",
            "defective train samples": "13",
            "precision": 0.5454545454545454,
            "recall": 0.7741935483870968,
            "pf": 0.3508771929824561,
            "F-measure": 0.64,
            "accuracy": 0.6931818181818182,
            "AUC": 0.7116581777023203
        }
    ]
}