{
    "method": "BaggingClassifierPU",
    "dataset": "NASA",
    "subDataset": "mw1",
    "result": [
        {
            "train samples": "24",
            "defective train samples": "2",
            "precision": 0.047244094488188976,
            "recall": 0.24,
            "pf": 0.5931372549019608,
            "F-measure": 0.07894736842105261,
            "accuracy": 0.388646288209607,
            "AUC": 0.3234313725490196
        },
        {
            "train samples": "50",
            "defective train samples": "5",
            "precision": 0.14912280701754385,
            "recall": 0.7727272727272727,
            "pf": 0.5359116022099447,
            "F-measure": 0.24999999999999997,
            "accuracy": 0.4975369458128079,
            "AUC": 0.618407835258664
        },
        {
            "train samples": "75",
            "defective train samples": "8",
            "precision": 0.175,
            "recall": 0.7368421052631579,
            "pf": 0.41509433962264153,
            "F-measure": 0.2828282828282828,
            "accuracy": 0.601123595505618,
            "AUC": 0.6608738828202582
        }
    ]
}