{
    "method": "BaggingClassifierPU",
    "dataset": "NASA",
    "subDataset": "pc1",
    "result": [
        {
            "train samples": "70",
            "defective train samples": "6",
            "precision": 0.1564625850340136,
            "recall": 0.8363636363636363,
            "pf": 0.42758620689655175,
            "F-measure": 0.26361031518624645,
            "accuracy": 0.5952755905511811,
            "AUC": 0.7043887147335424
        },
        {
            "train samples": "140",
            "defective train samples": "12",
            "precision": 0.22404371584699453,
            "recall": 0.8367346938775511,
            "pf": 0.2751937984496124,
            "F-measure": 0.35344827586206895,
            "accuracy": 0.7345132743362832,
            "AUC": 0.7807704477139693
        },
        {
            "train samples": "211",
            "defective train samples": "18",
            "precision": 0.23026315789473684,
            "recall": 0.813953488372093,
            "pf": 0.25942350332594233,
            "F-measure": 0.3589743589743589,
            "accuracy": 0.7469635627530364,
            "AUC": 0.7772649925230755
        }
    ]
}