{
    "method": "BaggingClassifierPU",
    "dataset": "NASA",
    "subDataset": "pc3",
    "result": [
        {
            "train samples": "107",
            "defective train samples": "13",
            "precision": 0.2837370242214533,
            "recall": 0.6776859504132231,
            "pf": 0.24381625441696114,
            "F-measure": 0.4,
            "accuracy": 0.7463917525773196,
            "AUC": 0.716934847998131
        },
        {
            "train samples": "214",
            "defective train samples": "26",
            "precision": 0.24456521739130435,
            "recall": 0.8333333333333334,
            "pf": 0.36821192052980134,
            "F-measure": 0.3781512605042017,
            "accuracy": 0.657010428736964,
            "AUC": 0.7325607064017661
        },
        {
            "train samples": "322",
            "defective train samples": "40",
            "precision": 0.25075528700906347,
            "recall": 0.8829787234042553,
            "pf": 0.3751891074130106,
            "F-measure": 0.39058823529411774,
            "accuracy": 0.6569536423841059,
            "AUC": 0.7538948079956224
        }
    ]
}