{
    "method": "BaggingClassifierPU",
    "dataset": "NASA",
    "subDataset": "pc3",
    "result": [
        {
            "train samples": "107",
            "defective train samples": "13",
            "precision": 0.2872340425531915,
            "recall": 0.6694214876033058,
            "pf": 0.23674911660777384,
            "F-measure": 0.40198511166253104,
            "accuracy": 0.7515463917525773,
            "AUC": 0.7163361854977659
        },
        {
            "train samples": "214",
            "defective train samples": "26",
            "precision": 0.24594594594594596,
            "recall": 0.8425925925925926,
            "pf": 0.3695364238410596,
            "F-measure": 0.3807531380753138,
            "accuracy": 0.657010428736964,
            "AUC": 0.7365280843757664
        },
        {
            "train samples": "322",
            "defective train samples": "40",
            "precision": 0.25617283950617287,
            "recall": 0.8829787234042553,
            "pf": 0.36459909228441756,
            "F-measure": 0.3971291866028709,
            "accuracy": 0.6662251655629139,
            "AUC": 0.7591898155599188
        }
    ]
}