{
    "method": "BaggingClassifierPU",
    "dataset": "NASA",
    "subDataset": "pc4",
    "result": [
        {
            "train samples": "128",
            "defective train samples": "17",
            "precision": 0.33192389006342493,
            "recall": 0.98125,
            "pf": 0.3163163163163163,
            "F-measure": 0.4960505529225908,
            "accuracy": 0.724762726488352,
            "AUC": 0.8324668418418418
        },
        {
            "train samples": "257",
            "defective train samples": "35",
            "precision": 0.35733333333333334,
            "recall": 0.9436619718309859,
            "pf": 0.2713963963963964,
            "F-measure": 0.5183752417794971,
            "accuracy": 0.7582524271844661,
            "AUC": 0.8361327877172948
        },
        {
            "train samples": "386",
            "defective train samples": "53",
            "precision": 0.41007194244604317,
            "recall": 0.9193548387096774,
            "pf": 0.21106821106821108,
            "F-measure": 0.5671641791044776,
            "accuracy": 0.806881243063263,
            "AUC": 0.8541433138207333
        }
    ]
}