{
    "method": "BaggingClassifierPU",
    "dataset": "NASA",
    "subDataset": "pc4",
    "result": [
        {
            "train samples": "128",
            "defective train samples": "17",
            "precision": 0.3347547974413646,
            "recall": 0.98125,
            "pf": 0.3123123123123123,
            "F-measure": 0.4992050874403816,
            "accuracy": 0.728213977566868,
            "AUC": 0.8344688438438438
        },
        {
            "train samples": "257",
            "defective train samples": "35",
            "precision": 0.35543766578249336,
            "recall": 0.9436619718309859,
            "pf": 0.27364864864864863,
            "F-measure": 0.5163776493256261,
            "accuracy": 0.7563106796116504,
            "AUC": 0.8350066615911685
        },
        {
            "train samples": "386",
            "defective train samples": "53",
            "precision": 0.4166666666666667,
            "recall": 0.9274193548387096,
            "pf": 0.2072072072072072,
            "F-measure": 0.5750000000000001,
            "accuracy": 0.8113207547169812,
            "AUC": 0.8601060738157512
        }
    ]
}