{
    "method": "BaggingClassifierPU",
    "dataset": "NASA",
    "subDataset": "pc5",
    "result": [
        {
            "train samples": "171",
            "defective train samples": "47",
            "precision": 0.4244604316546763,
            "recall": 0.6957547169811321,
            "pf": 0.35842293906810035,
            "F-measure": 0.5272564789991063,
            "accuracy": 0.6564935064935065,
            "AUC": 0.6686658889565159
        },
        {
            "train samples": "342",
            "defective train samples": "94",
            "precision": 0.42199108469539376,
            "recall": 0.753315649867374,
            "pf": 0.39213709677419356,
            "F-measure": 0.540952380952381,
            "accuracy": 0.647918188458729,
            "AUC": 0.6805892765465902
        },
        {
            "train samples": "513",
            "defective train samples": "141",
            "precision": 0.4066115702479339,
            "recall": 0.7454545454545455,
            "pf": 0.41359447004608296,
            "F-measure": 0.5262032085561498,
            "accuracy": 0.6302170283806344,
            "AUC": 0.6659300377042313
        }
    ]
}