{
    "method": "DecisionTreeClassifier",
    "dataset": "CK",
    "subDataset": "ant1",
    "result": [
        {
            "train samples": "34",
            "defective train samples": "9",
            "precision": 0.5,
            "recall": 0.3373493975903614,
            "pf": 0.11965811965811966,
            "F-measure": 0.4028776978417266,
            "accuracy": 0.7381703470031545,
            "AUC": 0.6088456389661209
        },
        {
            "train samples": "69",
            "defective train samples": "18",
            "precision": 0.4657534246575342,
            "recall": 0.4594594594594595,
            "pf": 0.1875,
            "F-measure": 0.4625850340136054,
            "accuracy": 0.7198581560283688,
            "AUC": 0.6359797297297297
        },
        {
            "train samples": "104",
            "defective train samples": "27",
            "precision": 0.4915254237288136,
            "recall": 0.4461538461538462,
            "pf": 0.16483516483516483,
            "F-measure": 0.46774193548387105,
            "accuracy": 0.7327935222672065,
            "AUC": 0.6406593406593407
        }
    ]
}