{
    "method": "DecisionTreeClassifier",
    "dataset": "CK",
    "subDataset": "synapse1",
    "result": [
        {
            "train samples": "25",
            "defective train samples": "8",
            "precision": 0.5263157894736842,
            "recall": 0.2564102564102564,
            "pf": 0.11764705882352941,
            "F-measure": 0.3448275862068965,
            "accuracy": 0.670995670995671,
            "AUC": 0.5693815987933634
        },
        {
            "train samples": "51",
            "defective train samples": "17",
            "precision": 0.4605263157894737,
            "recall": 0.5072463768115942,
            "pf": 0.3014705882352941,
            "F-measure": 0.48275862068965514,
            "accuracy": 0.6341463414634146,
            "AUC": 0.60288789428815
        },
        {
            "train samples": "76",
            "defective train samples": "25",
            "precision": 0.4418604651162791,
            "recall": 0.6229508196721312,
            "pf": 0.40336134453781514,
            "F-measure": 0.5170068027210885,
            "accuracy": 0.6055555555555555,
            "AUC": 0.609794737567158
        }
    ]
}