{
    "method": "DecisionTreeClassifier",
    "dataset": "CK",
    "subDataset": "xalan2",
    "result": [
        {
            "train samples": "79",
            "defective train samples": "38",
            "precision": 0.56575682382134,
            "recall": 0.6532951289398281,
            "pf": 0.4666666666666667,
            "F-measure": 0.6063829787234042,
            "accuracy": 0.5911602209944752,
            "AUC": 0.5933142311365807
        },
        {
            "train samples": "160",
            "defective train samples": "77",
            "precision": 0.5876923076923077,
            "recall": 0.6161290322580645,
            "pf": 0.4024024024024024,
            "F-measure": 0.6015748031496062,
            "accuracy": 0.6065318818040435,
            "AUC": 0.6068633149278311
        },
        {
            "train samples": "240",
            "defective train samples": "116",
            "precision": 0.6212624584717608,
            "recall": 0.6900369003690037,
            "pf": 0.3904109589041096,
            "F-measure": 0.6538461538461537,
            "accuracy": 0.6483126110124334,
            "AUC": 0.649812970732447
        }
    ]
}