{
    "method": "GaussianProcessClassifier",
    "dataset": "NASA",
    "subDataset": "kc3",
    "result": [
        {
            "train samples": "18",
            "defective train samples": "3",
            "precision": 0.0,
            "recall": 0.0,
            "pf": 0.0,
            "F-measure": 0.0,
            "accuracy": 0.8125,
            "AUC": 0.5
        },
        {
            "train samples": "38",
            "defective train samples": "7",
            "precision": 0.0,
            "recall": 0.0,
            "pf": 0.015748031496062992,
            "F-measure": 0.0,
            "accuracy": 0.8012820512820513,
            "AUC": 0.4921259842519685
        },
        {
            "train samples": "57",
            "defective train samples": "10",
            "precision": 0.0,
            "recall": 0.0,
            "pf": 0.018018018018018018,
            "F-measure": 0.0,
            "accuracy": 0.7956204379562044,
            "AUC": 0.49099099099099097
        }
    ]
}