{
    "method": "GaussianProcessClassifier",
    "dataset": "NASA",
    "subDataset": "mw1",
    "result": [
        {
            "train samples": "24",
            "defective train samples": "2",
            "precision": 0.0,
            "recall": 0.0,
            "pf": 0.0,
            "F-measure": 0.0,
            "accuracy": 0.8908296943231441,
            "AUC": 0.5
        },
        {
            "train samples": "50",
            "defective train samples": "5",
            "precision": 0.0,
            "recall": 0.0,
            "pf": 0.0055248618784530384,
            "F-measure": 0.0,
            "accuracy": 0.8866995073891626,
            "AUC": 0.4972375690607735
        },
        {
            "train samples": "75",
            "defective train samples": "8",
            "precision": 0.0,
            "recall": 0.0,
            "pf": 0.006289308176100629,
            "F-measure": 0.0,
            "accuracy": 0.8876404494382022,
            "AUC": 0.4968553459119497
        }
    ]
}