{
    "method": "CBLOF",
    "dataset": "CK",
    "subDataset": "jedit4",
    "result": [
        {
            "train samples": "30",
            "defective train samples": "7",
            "precision": 0.6296296296296297,
            "recall": 0.5,
            "pf": 0.09615384615384616,
            "F-measure": 0.5573770491803278,
            "accuracy": 0.8043478260869565,
            "AUC": 0.701923076923077
        },
        {
            "train samples": "61",
            "defective train samples": "15",
            "precision": 0.6086956521739131,
            "recall": 0.4666666666666667,
            "pf": 0.0972972972972973,
            "F-measure": 0.5283018867924527,
            "accuracy": 0.7959183673469388,
            "AUC": 0.6846846846846847
        },
        {
            "train samples": "91",
            "defective train samples": "22",
            "precision": 0.5263157894736842,
            "recall": 0.18867924528301888,
            "pf": 0.05555555555555555,
            "F-measure": 0.27777777777777773,
            "accuracy": 0.7581395348837209,
            "AUC": 0.5665618448637316
        }
    ]
}