{
    "method": "CBLOF",
    "dataset": "CK",
    "subDataset": "lucene2",
    "result": [
        {
            "train samples": "33",
            "defective train samples": "20",
            "precision": 0.8243243243243243,
            "recall": 0.3333333333333333,
            "pf": 0.10483870967741936,
            "F-measure": 0.47470817120622566,
            "accuracy": 0.5602605863192183,
            "AUC": 0.6142473118279569
        },
        {
            "train samples": "67",
            "defective train samples": "40",
            "precision": 0.84,
            "recall": 0.25766871165644173,
            "pf": 0.07272727272727272,
            "F-measure": 0.3943661971830986,
            "accuracy": 0.5274725274725275,
            "AUC": 0.5924707194645844
        },
        {
            "train samples": "101",
            "defective train samples": "60",
            "precision": 0.8260869565217391,
            "recall": 0.13286713286713286,
            "pf": 0.041666666666666664,
            "F-measure": 0.22891566265060243,
            "accuracy": 0.46443514644351463,
            "AUC": 0.5456002331002332
        }
    ]
}