{
    "method": "CBLOF",
    "dataset": "CK",
    "subDataset": "synapse1",
    "result": [
        {
            "train samples": "25",
            "defective train samples": "8",
            "precision": 0.5454545454545454,
            "recall": 0.6153846153846154,
            "pf": 0.26143790849673204,
            "F-measure": 0.5783132530120482,
            "accuracy": 0.696969696969697,
            "AUC": 0.6769733534439417
        },
        {
            "train samples": "51",
            "defective train samples": "17",
            "precision": 0.5789473684210527,
            "recall": 0.3188405797101449,
            "pf": 0.11764705882352941,
            "F-measure": 0.411214953271028,
            "accuracy": 0.6926829268292682,
            "AUC": 0.6005967604433077
        },
        {
            "train samples": "76",
            "defective train samples": "25",
            "precision": 0.6071428571428571,
            "recall": 0.2786885245901639,
            "pf": 0.09243697478991597,
            "F-measure": 0.3820224719101123,
            "accuracy": 0.6944444444444444,
            "AUC": 0.5931257749001241
        }
    ]
}