{
    "method": "QuadraticDiscriminantAnalysis",
    "dataset": "CK",
    "subDataset": "lucene2",
    "result": [
        {
            "train samples": "33",
            "defective train samples": "20",
            "precision": 0.5609756097560976,
            "recall": 0.12568306010928962,
            "pf": 0.14516129032258066,
            "F-measure": 0.20535714285714288,
            "accuracy": 0.4201954397394137,
            "AUC": 0.49026088489335445
        },
        {
            "train samples": "67",
            "defective train samples": "40",
            "precision": 0.6698113207547169,
            "recall": 0.8711656441717791,
            "pf": 0.6363636363636364,
            "F-measure": 0.7573333333333332,
            "accuracy": 0.6666666666666666,
            "AUC": 0.6174010039040714
        },
        {
            "train samples": "101",
            "defective train samples": "60",
            "precision": 0.6739130434782609,
            "recall": 0.6503496503496503,
            "pf": 0.46875,
            "F-measure": 0.6619217081850534,
            "accuracy": 0.602510460251046,
            "AUC": 0.5907998251748252
        }
    ]
}