{
    "method": "QuadraticDiscriminantAnalysis",
    "dataset": "CK",
    "subDataset": "synapse1",
    "result": [
        {
            "train samples": "25",
            "defective train samples": "8",
            "precision": 0.4032258064516129,
            "recall": 0.6410256410256411,
            "pf": 0.48366013071895425,
            "F-measure": 0.49504950495049505,
            "accuracy": 0.5584415584415584,
            "AUC": 0.5786827551533433
        },
        {
            "train samples": "51",
            "defective train samples": "17",
            "precision": 0.0,
            "recall": 0.0,
            "pf": 0.0,
            "F-measure": 0.0,
            "accuracy": 0.6634146341463415,
            "AUC": 0.5
        },
        {
            "train samples": "76",
            "defective train samples": "25",
            "precision": 0.5306122448979592,
            "recall": 0.4262295081967213,
            "pf": 0.19327731092436976,
            "F-measure": 0.4727272727272728,
            "accuracy": 0.6777777777777778,
            "AUC": 0.6164760986361758
        }
    ]
}