{
    "method": "QuadraticDiscriminantAnalysis",
    "dataset": "CK",
    "subDataset": "xalan2",
    "result": [
        {
            "train samples": "79",
            "defective train samples": "38",
            "precision": 0.56047197640118,
            "recall": 0.5444126074498568,
            "pf": 0.3973333333333333,
            "F-measure": 0.5523255813953489,
            "accuracy": 0.574585635359116,
            "AUC": 0.5735396370582617
        },
        {
            "train samples": "160",
            "defective train samples": "77",
            "precision": 0.601593625498008,
            "recall": 0.4870967741935484,
            "pf": 0.3003003003003003,
            "F-measure": 0.5383244206773619,
            "accuracy": 0.5972006220839814,
            "AUC": 0.5933982369466241
        },
        {
            "train samples": "240",
            "defective train samples": "116",
            "precision": 0.5977653631284916,
            "recall": 0.3948339483394834,
            "pf": 0.2465753424657534,
            "F-measure": 0.47555555555555556,
            "accuracy": 0.5808170515097691,
            "AUC": 0.5741293029368649
        }
    ]
}