{
    "method": "RandomForestClassifier",
    "dataset": "CK",
    "subDataset": "ivy2",
    "result": [
        {
            "train samples": "35",
            "defective train samples": "4",
            "precision": 0.5,
            "recall": 0.16666666666666666,
            "pf": 0.021352313167259787,
            "F-measure": 0.25,
            "accuracy": 0.886435331230284,
            "AUC": 0.5726571767497035
        },
        {
            "train samples": "70",
            "defective train samples": "8",
            "precision": 0.5714285714285714,
            "recall": 0.25,
            "pf": 0.024,
            "F-measure": 0.34782608695652173,
            "accuracy": 0.8936170212765957,
            "AUC": 0.613
        },
        {
            "train samples": "105",
            "defective train samples": "12",
            "precision": 0.3181818181818182,
            "recall": 0.25,
            "pf": 0.0684931506849315,
            "F-measure": 0.28,
            "accuracy": 0.854251012145749,
            "AUC": 0.5907534246575342
        }
    ]
}