{
    "method": "RandomForestClassifier",
    "dataset": "CK",
    "subDataset": "lucene2",
    "result": [
        {
            "train samples": "33",
            "defective train samples": "20",
            "precision": 0.639344262295082,
            "recall": 0.8524590163934426,
            "pf": 0.7096774193548387,
            "F-measure": 0.730679156908665,
            "accuracy": 0.6254071661237784,
            "AUC": 0.571390798519302
        },
        {
            "train samples": "67",
            "defective train samples": "40",
            "precision": 0.6815642458100558,
            "recall": 0.7484662576687117,
            "pf": 0.5181818181818182,
            "F-measure": 0.7134502923976608,
            "accuracy": 0.6410256410256411,
            "AUC": 0.6151422197434467
        },
        {
            "train samples": "101",
            "defective train samples": "60",
            "precision": 0.7310344827586207,
            "recall": 0.7412587412587412,
            "pf": 0.40625,
            "F-measure": 0.736111111111111,
            "accuracy": 0.6820083682008368,
            "AUC": 0.6675043706293706
        }
    ]
}