{
    "method": "AdaBoostClassifier",
    "dataset": "NASA",
    "subDataset": "mc2",
    "result": [
        {
            "train samples": "12",
            "defective train samples": "4",
            "precision": 0.4838709677419355,
            "recall": 0.375,
            "pf": 0.2191780821917808,
            "F-measure": 0.4225352112676056,
            "accuracy": 0.6371681415929203,
            "AUC": 0.5779109589041096
        },
        {
            "train samples": "24",
            "defective train samples": "8",
            "precision": 0.3333333333333333,
            "recall": 0.2222222222222222,
            "pf": 0.24615384615384617,
            "F-measure": 0.26666666666666666,
            "accuracy": 0.5643564356435643,
            "AUC": 0.4880341880341881
        },
        {
            "train samples": "37",
            "defective train samples": "13",
            "precision": 0.5217391304347826,
            "recall": 0.3870967741935484,
            "pf": 0.19298245614035087,
            "F-measure": 0.4444444444444444,
            "accuracy": 0.6590909090909091,
            "AUC": 0.5970571590265988
        }
    ]
}