{
    "method": "AdaBoostClassifier",
    "dataset": "NASA",
    "subDataset": "pc1",
    "result": [
        {
            "train samples": "70",
            "defective train samples": "6",
            "precision": 0.3333333333333333,
            "recall": 0.2727272727272727,
            "pf": 0.05172413793103448,
            "F-measure": 0.3,
            "accuracy": 0.889763779527559,
            "AUC": 0.6105015673981191
        },
        {
            "train samples": "140",
            "defective train samples": "12",
            "precision": 0.2553191489361702,
            "recall": 0.24489795918367346,
            "pf": 0.06782945736434108,
            "F-measure": 0.25,
            "accuracy": 0.8725663716814159,
            "AUC": 0.5885342509096662
        },
        {
            "train samples": "211",
            "defective train samples": "18",
            "precision": 0.23076923076923078,
            "recall": 0.13953488372093023,
            "pf": 0.04434589800443459,
            "F-measure": 0.1739130434782609,
            "accuracy": 0.8846153846153846,
            "AUC": 0.5475944928582478
        }
    ]
}