{
    "method": "AdaBoostClassifier",
    "dataset": "NASA",
    "subDataset": "pc4",
    "result": [
        {
            "train samples": "128",
            "defective train samples": "17",
            "precision": 0.4125874125874126,
            "recall": 0.36875,
            "pf": 0.08408408408408409,
            "F-measure": 0.38943894389438943,
            "accuracy": 0.8403796376186368,
            "AUC": 0.642332957957958
        },
        {
            "train samples": "257",
            "defective train samples": "35",
            "precision": 0.475,
            "recall": 0.4014084507042254,
            "pf": 0.07094594594594594,
            "F-measure": 0.4351145038167939,
            "accuracy": 0.8563106796116505,
            "AUC": 0.6652312523791397
        },
        {
            "train samples": "386",
            "defective train samples": "53",
            "precision": 0.59,
            "recall": 0.47580645161290325,
            "pf": 0.05276705276705277,
            "F-measure": 0.5267857142857142,
            "accuracy": 0.8823529411764706,
            "AUC": 0.7115196994229253
        }
    ]
}