{
    "method": "BaggingClassifierPU",
    "dataset": "CK",
    "subDataset": "ant1",
    "result": [
        {
            "train samples": "34",
            "defective train samples": "9",
            "precision": 0.5333333333333333,
            "recall": 0.5783132530120482,
            "pf": 0.1794871794871795,
            "F-measure": 0.5549132947976878,
            "accuracy": 0.7570977917981072,
            "AUC": 0.6994130367624344
        },
        {
            "train samples": "69",
            "defective train samples": "18",
            "precision": 0.4915254237288136,
            "recall": 0.7837837837837838,
            "pf": 0.28846153846153844,
            "F-measure": 0.6041666666666666,
            "accuracy": 0.7304964539007093,
            "AUC": 0.7476611226611226
        },
        {
            "train samples": "104",
            "defective train samples": "27",
            "precision": 0.4576271186440678,
            "recall": 0.8307692307692308,
            "pf": 0.3516483516483517,
            "F-measure": 0.5901639344262295,
            "accuracy": 0.6963562753036437,
            "AUC": 0.7395604395604396
        }
    ]
}