{
    "method": "BaggingClassifierPU",
    "dataset": "CK",
    "subDataset": "ant1",
    "result": [
        {
            "train samples": "34",
            "defective train samples": "9",
            "precision": 0.5402298850574713,
            "recall": 0.5662650602409639,
            "pf": 0.17094017094017094,
            "F-measure": 0.5529411764705883,
            "accuracy": 0.7602523659305994,
            "AUC": 0.6976624446503964
        },
        {
            "train samples": "69",
            "defective train samples": "18",
            "precision": 0.49572649572649574,
            "recall": 0.7837837837837838,
            "pf": 0.28365384615384615,
            "F-measure": 0.6073298429319371,
            "accuracy": 0.7340425531914894,
            "AUC": 0.7500649688149688
        },
        {
            "train samples": "104",
            "defective train samples": "27",
            "precision": 0.46153846153846156,
            "recall": 0.8307692307692308,
            "pf": 0.34615384615384615,
            "F-measure": 0.5934065934065935,
            "accuracy": 0.7004048582995951,
            "AUC": 0.7423076923076923
        }
    ]
}