{
    "method": "BaggingClassifierPU",
    "dataset": "CK",
    "subDataset": "ivy2",
    "result": [
        {
            "train samples": "35",
            "defective train samples": "4",
            "precision": 0.2638888888888889,
            "recall": 0.5277777777777778,
            "pf": 0.18861209964412812,
            "F-measure": 0.35185185185185186,
            "accuracy": 0.7791798107255521,
            "AUC": 0.6695828390668248
        },
        {
            "train samples": "70",
            "defective train samples": "8",
            "precision": 0.24731182795698925,
            "recall": 0.71875,
            "pf": 0.28,
            "F-measure": 0.368,
            "accuracy": 0.7198581560283688,
            "AUC": 0.719375
        },
        {
            "train samples": "105",
            "defective train samples": "12",
            "precision": 0.31666666666666665,
            "recall": 0.6785714285714286,
            "pf": 0.1872146118721461,
            "F-measure": 0.4318181818181818,
            "accuracy": 0.7975708502024291,
            "AUC": 0.7456784083496414
        }
    ]
}