{
    "method": "BaggingClassifierPU",
    "dataset": "CK",
    "subDataset": "ivy2",
    "result": [
        {
            "train samples": "35",
            "defective train samples": "4",
            "precision": 0.2753623188405797,
            "recall": 0.5277777777777778,
            "pf": 0.17793594306049823,
            "F-measure": 0.3619047619047619,
            "accuracy": 0.7886435331230284,
            "AUC": 0.6749209173586397
        },
        {
            "train samples": "70",
            "defective train samples": "8",
            "precision": 0.24210526315789474,
            "recall": 0.71875,
            "pf": 0.288,
            "F-measure": 0.36220472440944884,
            "accuracy": 0.7127659574468085,
            "AUC": 0.715375
        },
        {
            "train samples": "105",
            "defective train samples": "12",
            "precision": 0.30158730158730157,
            "recall": 0.6785714285714286,
            "pf": 0.2009132420091324,
            "F-measure": 0.41758241758241754,
            "accuracy": 0.7854251012145749,
            "AUC": 0.7388290932811481
        }
    ]
}