{
    "method": "BaggingClassifierPU",
    "dataset": "CK",
    "subDataset": "jedit4",
    "result": [
        {
            "train samples": "30",
            "defective train samples": "7",
            "precision": 0.3240223463687151,
            "recall": 0.8529411764705882,
            "pf": 0.5817307692307693,
            "F-measure": 0.46963562753036436,
            "accuracy": 0.5253623188405797,
            "AUC": 0.6356052036199095
        },
        {
            "train samples": "61",
            "defective train samples": "15",
            "precision": 0.36363636363636365,
            "recall": 0.8,
            "pf": 0.4540540540540541,
            "F-measure": 0.5000000000000001,
            "accuracy": 0.6081632653061224,
            "AUC": 0.672972972972973
        },
        {
            "train samples": "91",
            "defective train samples": "22",
            "precision": 0.4074074074074074,
            "recall": 0.6226415094339622,
            "pf": 0.2962962962962963,
            "F-measure": 0.49253731343283585,
            "accuracy": 0.6837209302325581,
            "AUC": 0.6631726065688329
        }
    ]
}