{
    "method": "BaggingClassifierPU",
    "dataset": "CK",
    "subDataset": "synapse1",
    "result": [
        {
            "train samples": "25",
            "defective train samples": "8",
            "precision": 0.48863636363636365,
            "recall": 0.5512820512820513,
            "pf": 0.29411764705882354,
            "F-measure": 0.5180722891566266,
            "accuracy": 0.6536796536796536,
            "AUC": 0.6285822021116139
        },
        {
            "train samples": "51",
            "defective train samples": "17",
            "precision": 0.4948453608247423,
            "recall": 0.6956521739130435,
            "pf": 0.3602941176470588,
            "F-measure": 0.5783132530120482,
            "accuracy": 0.6585365853658537,
            "AUC": 0.6676790281329923
        },
        {
            "train samples": "76",
            "defective train samples": "25",
            "precision": 0.52,
            "recall": 0.8524590163934426,
            "pf": 0.40336134453781514,
            "F-measure": 0.6459627329192545,
            "accuracy": 0.6833333333333333,
            "AUC": 0.7245488359278137
        }
    ]
}