{
    "method": "BaggingClassifierPU",
    "dataset": "CK",
    "subDataset": "xalan2",
    "result": [
        {
            "train samples": "79",
            "defective train samples": "38",
            "precision": 0.5546558704453441,
            "recall": 0.7851002865329513,
            "pf": 0.5866666666666667,
            "F-measure": 0.6500593119810202,
            "accuracy": 0.5925414364640884,
            "AUC": 0.5992168099331423
        },
        {
            "train samples": "160",
            "defective train samples": "77",
            "precision": 0.596816976127321,
            "recall": 0.7258064516129032,
            "pf": 0.45645645645645644,
            "F-measure": 0.6550218340611355,
            "accuracy": 0.6314152410575428,
            "AUC": 0.6346749975782235
        },
        {
            "train samples": "240",
            "defective train samples": "116",
            "precision": 0.5972222222222222,
            "recall": 0.7933579335793358,
            "pf": 0.4965753424657534,
            "F-measure": 0.6814580031695721,
            "accuracy": 0.6429840142095915,
            "AUC": 0.6483912955567912
        }
    ]
}