{
    "method": "BaggingClassifierPU",
    "dataset": "CK",
    "subDataset": "xalan2",
    "result": [
        {
            "train samples": "79",
            "defective train samples": "38",
            "precision": 0.5528455284552846,
            "recall": 0.7793696275071633,
            "pf": 0.5866666666666667,
            "F-measure": 0.6468489892984542,
            "accuracy": 0.5897790055248618,
            "AUC": 0.5963514804202483
        },
        {
            "train samples": "160",
            "defective train samples": "77",
            "precision": 0.5956873315363881,
            "recall": 0.7129032258064516,
            "pf": 0.45045045045045046,
            "F-measure": 0.6490455212922174,
            "accuracy": 0.6283048211508554,
            "AUC": 0.6312263876780005
        },
        {
            "train samples": "240",
            "defective train samples": "116",
            "precision": 0.5988857938718662,
            "recall": 0.7933579335793358,
            "pf": 0.4931506849315068,
            "F-measure": 0.6825396825396826,
            "accuracy": 0.6447602131438721,
            "AUC": 0.6501036243239146
        }
    ]
}