{
    "method": "XGBOD",
    "dataset": "NASA",
    "subDataset": "kc3",
    "result": [
        {
            "train samples": "18",
            "defective train samples": "3",
            "precision": 0.4117647058823529,
            "recall": 0.21212121212121213,
            "pf": 0.06993006993006994,
            "F-measure": 0.27999999999999997,
            "accuracy": 0.7954545454545454,
            "AUC": 0.5710955710955711
        },
        {
            "train samples": "38",
            "defective train samples": "7",
            "precision": 0.36363636363636365,
            "recall": 0.27586206896551724,
            "pf": 0.11023622047244094,
            "F-measure": 0.3137254901960784,
            "accuracy": 0.7756410256410257,
            "AUC": 0.5828129242465382
        },
        {
            "train samples": "57",
            "defective train samples": "10",
            "precision": 0.21428571428571427,
            "recall": 0.11538461538461539,
            "pf": 0.0990990990990991,
            "F-measure": 0.15,
            "accuracy": 0.7518248175182481,
            "AUC": 0.5081427581427581
        }
    ]
}