{
    "method": "XGBOD",
    "dataset": "NASA",
    "subDataset": "mc2",
    "result": [
        {
            "train samples": "12",
            "defective train samples": "4",
            "precision": 0.4166666666666667,
            "recall": 0.25,
            "pf": 0.1917808219178082,
            "F-measure": 0.3125,
            "accuracy": 0.6106194690265486,
            "AUC": 0.5291095890410958
        },
        {
            "train samples": "24",
            "defective train samples": "8",
            "precision": 0.5789473684210527,
            "recall": 0.3055555555555556,
            "pf": 0.12307692307692308,
            "F-measure": 0.4000000000000001,
            "accuracy": 0.6732673267326733,
            "AUC": 0.5912393162393162
        },
        {
            "train samples": "37",
            "defective train samples": "13",
            "precision": 0.4666666666666667,
            "recall": 0.6774193548387096,
            "pf": 0.42105263157894735,
            "F-measure": 0.5526315789473684,
            "accuracy": 0.6136363636363636,
            "AUC": 0.6281833616298811
        }
    ]
}