{
    "method": "XGBOD",
    "dataset": "NASA",
    "subDataset": "mw1",
    "result": [
        {
            "train samples": "24",
            "defective train samples": "2",
            "precision": 0.0,
            "recall": 0.0,
            "pf": 0.0,
            "F-measure": 0.0,
            "accuracy": 0.8908296943231441,
            "AUC": 0.5
        },
        {
            "train samples": "50",
            "defective train samples": "5",
            "precision": 0.0,
            "recall": 0.0,
            "pf": 0.016574585635359115,
            "F-measure": 0.0,
            "accuracy": 0.8768472906403941,
            "AUC": 0.49171270718232046
        },
        {
            "train samples": "75",
            "defective train samples": "8",
            "precision": 0.3333333333333333,
            "recall": 0.05263157894736842,
            "pf": 0.012578616352201259,
            "F-measure": 0.09090909090909091,
            "accuracy": 0.8876404494382022,
            "AUC": 0.5200264812975836
        }
    ]
}