{
    "method": "XGBOD",
    "dataset": "NASA",
    "subDataset": "pc1",
    "result": [
        {
            "train samples": "70",
            "defective train samples": "6",
            "precision": 0.4827586206896552,
            "recall": 0.2545454545454545,
            "pf": 0.02586206896551724,
            "F-measure": 0.33333333333333337,
            "accuracy": 0.9118110236220472,
            "AUC": 0.6143416927899686
        },
        {
            "train samples": "140",
            "defective train samples": "12",
            "precision": 0.23076923076923078,
            "recall": 0.061224489795918366,
            "pf": 0.01937984496124031,
            "F-measure": 0.0967741935483871,
            "accuracy": 0.9008849557522124,
            "AUC": 0.520922322417339
        },
        {
            "train samples": "211",
            "defective train samples": "18",
            "precision": 0.5,
            "recall": 0.16279069767441862,
            "pf": 0.015521064301552107,
            "F-measure": 0.24561403508771928,
            "accuracy": 0.9129554655870445,
            "AUC": 0.5736348166864333
        }
    ]
}