{
    "method": "XGBOD",
    "dataset": "NASA",
    "subDataset": "pc3",
    "result": [
        {
            "train samples": "107",
            "defective train samples": "13",
            "precision": 0.29473684210526313,
            "recall": 0.23140495867768596,
            "pf": 0.07891637220259129,
            "F-measure": 0.2592592592592593,
            "accuracy": 0.8350515463917526,
            "AUC": 0.5762442932375474
        },
        {
            "train samples": "214",
            "defective train samples": "26",
            "precision": 0.3392857142857143,
            "recall": 0.17592592592592593,
            "pf": 0.04900662251655629,
            "F-measure": 0.23170731707317074,
            "accuracy": 0.8539976825028969,
            "AUC": 0.5634596517046848
        },
        {
            "train samples": "322",
            "defective train samples": "40",
            "precision": 0.2692307692307692,
            "recall": 0.14893617021276595,
            "pf": 0.057488653555219364,
            "F-measure": 0.1917808219178082,
            "accuracy": 0.8437086092715231,
            "AUC": 0.5457237583287733
        }
    ]
}