{
    "method": "XGBOD",
    "dataset": "NASA",
    "subDataset": "pc4",
    "result": [
        {
            "train samples": "128",
            "defective train samples": "17",
            "precision": 0.5740740740740741,
            "recall": 0.3875,
            "pf": 0.04604604604604605,
            "F-measure": 0.4626865671641791,
            "accuracy": 0.8757549611734253,
            "AUC": 0.6707269769769769
        },
        {
            "train samples": "257",
            "defective train samples": "35",
            "precision": 0.44285714285714284,
            "recall": 0.21830985915492956,
            "pf": 0.04391891891891892,
            "F-measure": 0.29245283018867924,
            "accuracy": 0.8543689320388349,
            "AUC": 0.5871954701180052
        },
        {
            "train samples": "386",
            "defective train samples": "53",
            "precision": 0.6753246753246753,
            "recall": 0.41935483870967744,
            "pf": 0.032175032175032175,
            "F-measure": 0.5174129353233831,
            "accuracy": 0.8923418423973363,
            "AUC": 0.6935899032673227
        }
    ]
}