{
    "method": "XGBOD",
    "dataset": "NASA",
    "subDataset": "pc5",
    "result": [
        {
            "train samples": "171",
            "defective train samples": "47",
            "precision": 0.4878048780487805,
            "recall": 0.2830188679245283,
            "pf": 0.11290322580645161,
            "F-measure": 0.3582089552238806,
            "accuracy": 0.7207792207792207,
            "AUC": 0.5850578210590383
        },
        {
            "train samples": "342",
            "defective train samples": "94",
            "precision": 0.5741444866920152,
            "recall": 0.4005305039787798,
            "pf": 0.11290322580645161,
            "F-measure": 0.47187500000000004,
            "accuracy": 0.7531044558071585,
            "AUC": 0.6438136390861641
        },
        {
            "train samples": "513",
            "defective train samples": "141",
            "precision": 0.59,
            "recall": 0.3575757575757576,
            "pf": 0.0944700460829493,
            "F-measure": 0.44528301886792454,
            "accuracy": 0.7545909849749582,
            "AUC": 0.6315528557464042
        }
    ]
}