{
    "method": "GaussianProcessClassifier",
    "dataset": "CK",
    "subDataset": "jedit4",
    "result": [
        {
            "train samples": "30",
            "defective train samples": "7",
            "precision": 0.5909090909090909,
            "recall": 0.38235294117647056,
            "pf": 0.08653846153846154,
            "F-measure": 0.46428571428571425,
            "accuracy": 0.782608695652174,
            "AUC": 0.6479072398190044
        },
        {
            "train samples": "61",
            "defective train samples": "15",
            "precision": 0.5142857142857142,
            "recall": 0.3,
            "pf": 0.0918918918918919,
            "F-measure": 0.3789473684210526,
            "accuracy": 0.7591836734693878,
            "AUC": 0.6040540540540541
        },
        {
            "train samples": "91",
            "defective train samples": "22",
            "precision": 0.5757575757575758,
            "recall": 0.3584905660377358,
            "pf": 0.08641975308641975,
            "F-measure": 0.441860465116279,
            "accuracy": 0.7767441860465116,
            "AUC": 0.6360354064756581
        }
    ]
}