{
    "method": "KNeighborsClassifier",
    "dataset": "CK",
    "subDataset": "ivy2",
    "result": [
        {
            "train samples": "35",
            "defective train samples": "4",
            "precision": 0.2916666666666667,
            "recall": 0.19444444444444445,
            "pf": 0.060498220640569395,
            "F-measure": 0.2333333333333333,
            "accuracy": 0.8548895899053628,
            "AUC": 0.5669731119019374
        },
        {
            "train samples": "70",
            "defective train samples": "8",
            "precision": 0.4666666666666667,
            "recall": 0.21875,
            "pf": 0.032,
            "F-measure": 0.2978723404255319,
            "accuracy": 0.8829787234042553,
            "AUC": 0.5933749999999999
        },
        {
            "train samples": "105",
            "defective train samples": "12",
            "precision": 0.3684210526315789,
            "recall": 0.25,
            "pf": 0.0547945205479452,
            "F-measure": 0.2978723404255319,
            "accuracy": 0.8663967611336032,
            "AUC": 0.5976027397260274
        }
    ]
}