{
    "method": "KNeighborsClassifier",
    "dataset": "CK",
    "subDataset": "jedit4",
    "result": [
        {
            "train samples": "30",
            "defective train samples": "7",
            "precision": 0.546875,
            "recall": 0.5147058823529411,
            "pf": 0.13942307692307693,
            "F-measure": 0.5303030303030303,
            "accuracy": 0.7753623188405797,
            "AUC": 0.6876414027149321
        },
        {
            "train samples": "61",
            "defective train samples": "15",
            "precision": 0.4166666666666667,
            "recall": 0.3333333333333333,
            "pf": 0.15135135135135136,
            "F-measure": 0.3703703703703704,
            "accuracy": 0.7224489795918367,
            "AUC": 0.590990990990991
        },
        {
            "train samples": "91",
            "defective train samples": "22",
            "precision": 0.5757575757575758,
            "recall": 0.3584905660377358,
            "pf": 0.08641975308641975,
            "F-measure": 0.441860465116279,
            "accuracy": 0.7767441860465116,
            "AUC": 0.6360354064756581
        }
    ]
}