{
    "method": "MLPClassifier",
    "dataset": "NASA",
    "subDataset": "cm1",
    "result": [
        {
            "train samples": "32",
            "defective train samples": "4",
            "precision": 0.1288135593220339,
            "recall": 1.0,
            "pf": 1.0,
            "F-measure": 0.22822822822822822,
            "accuracy": 0.1288135593220339,
            "AUC": 0.5
        },
        {
            "train samples": "65",
            "defective train samples": "8",
            "precision": 0.10714285714285714,
            "recall": 0.7058823529411765,
            "pf": 0.8771929824561403,
            "F-measure": 0.18604651162790697,
            "accuracy": 0.1984732824427481,
            "AUC": 0.4143446852425181
        },
        {
            "train samples": "97",
            "defective train samples": "12",
            "precision": 0.054945054945054944,
            "recall": 0.16666666666666666,
            "pf": 0.43,
            "F-measure": 0.08264462809917354,
            "accuracy": 0.5173913043478261,
            "AUC": 0.3683333333333334
        }
    ]
}