{
    "method": "MLPClassifier",
    "dataset": "NASA",
    "subDataset": "kc3",
    "result": [
        {
            "train samples": "18",
            "defective train samples": "3",
            "precision": 0.1875,
            "recall": 1.0,
            "pf": 1.0,
            "F-measure": 0.3157894736842105,
            "accuracy": 0.1875,
            "AUC": 0.5
        },
        {
            "train samples": "38",
            "defective train samples": "7",
            "precision": 0.0,
            "recall": 0.0,
            "pf": 0.0,
            "F-measure": 0.0,
            "accuracy": 0.8141025641025641,
            "AUC": 0.5
        },
        {
            "train samples": "57",
            "defective train samples": "10",
            "precision": 0.1836734693877551,
            "recall": 0.34615384615384615,
            "pf": 0.36036036036036034,
            "F-measure": 0.24000000000000002,
            "accuracy": 0.583941605839416,
            "AUC": 0.49289674289674296
        }
    ]
}