{
    "method": "MLPClassifier",
    "dataset": "NASA",
    "subDataset": "mc2",
    "result": [
        {
            "train samples": "12",
            "defective train samples": "4",
            "precision": 0.35398230088495575,
            "recall": 1.0,
            "pf": 1.0,
            "F-measure": 0.522875816993464,
            "accuracy": 0.35398230088495575,
            "AUC": 0.5
        },
        {
            "train samples": "24",
            "defective train samples": "8",
            "precision": 0.3564356435643564,
            "recall": 1.0,
            "pf": 1.0,
            "F-measure": 0.5255474452554745,
            "accuracy": 0.3564356435643564,
            "AUC": 0.5
        },
        {
            "train samples": "37",
            "defective train samples": "13",
            "precision": 0.3522727272727273,
            "recall": 1.0,
            "pf": 1.0,
            "F-measure": 0.5210084033613446,
            "accuracy": 0.3522727272727273,
            "AUC": 0.5
        }
    ]
}