{
    "method": "GaussianNB",
    "dataset": "CK",
    "subDataset": "lucene2",
    "result": [
        {
            "train samples": "33",
            "defective train samples": "20",
            "precision": 0.6632124352331606,
            "recall": 0.6994535519125683,
            "pf": 0.5241935483870968,
            "F-measure": 0.6808510638297872,
            "accuracy": 0.6091205211726385,
            "AUC": 0.5876300017627357
        },
        {
            "train samples": "67",
            "defective train samples": "40",
            "precision": 0.8,
            "recall": 0.4171779141104294,
            "pf": 0.15454545454545454,
            "F-measure": 0.5483870967741935,
            "accuracy": 0.5897435897435898,
            "AUC": 0.6313162297824875
        },
        {
            "train samples": "101",
            "defective train samples": "60",
            "precision": 0.7674418604651163,
            "recall": 0.46153846153846156,
            "pf": 0.20833333333333334,
            "F-measure": 0.5764192139737991,
            "accuracy": 0.5941422594142259,
            "AUC": 0.6266025641025642
        }
    ]
}