{
    "method": "AdaBoostClassifier",
    "dataset": "CK",
    "subDataset": "ivy2",
    "result": [
        {
            "train samples": "35",
            "defective train samples": "4",
            "precision": 0.18421052631578946,
            "recall": 0.19444444444444445,
            "pf": 0.1103202846975089,
            "F-measure": 0.18918918918918917,
            "accuracy": 0.8107255520504731,
            "AUC": 0.5420620798734678
        },
        {
            "train samples": "70",
            "defective train samples": "8",
            "precision": 0.3181818181818182,
            "recall": 0.21875,
            "pf": 0.06,
            "F-measure": 0.25925925925925924,
            "accuracy": 0.8581560283687943,
            "AUC": 0.579375
        },
        {
            "train samples": "105",
            "defective train samples": "12",
            "precision": 0.3125,
            "recall": 0.35714285714285715,
            "pf": 0.1004566210045662,
            "F-measure": 0.3333333333333333,
            "accuracy": 0.8380566801619433,
            "AUC": 0.6283431180691454
        }
    ]
}