{
    "method": "AdaBoostClassifier",
    "dataset": "CK",
    "subDataset": "xalan2",
    "result": [
        {
            "train samples": "79",
            "defective train samples": "38",
            "precision": 0.5778894472361809,
            "recall": 0.6590257879656161,
            "pf": 0.448,
            "F-measure": 0.6157965194109772,
            "accuracy": 0.6035911602209945,
            "AUC": 0.605512893982808
        },
        {
            "train samples": "160",
            "defective train samples": "77",
            "precision": 0.5813953488372093,
            "recall": 0.5645161290322581,
            "pf": 0.3783783783783784,
            "F-measure": 0.5728314238952538,
            "accuracy": 0.5940902021772939,
            "AUC": 0.5930688753269399
        },
        {
            "train samples": "240",
            "defective train samples": "116",
            "precision": 0.6188925081433225,
            "recall": 0.7011070110701108,
            "pf": 0.4006849315068493,
            "F-measure": 0.6574394463667821,
            "accuracy": 0.6483126110124334,
            "AUC": 0.6502110397816308
        }
    ]
}