{
    "method": "QuadraticDiscriminantAnalysis",
    "dataset": "NASA",
    "subDataset": "mw1",
    "result": [
        {
            "train samples": "24",
            "defective train samples": "2",
            "precision": 0.0,
            "recall": 0.0,
            "pf": 0.004901960784313725,
            "F-measure": 0.0,
            "accuracy": 0.8864628820960698,
            "AUC": 0.49754901960784315
        },
        {
            "train samples": "50",
            "defective train samples": "5",
            "precision": 0.0,
            "recall": 0.0,
            "pf": 0.0,
            "F-measure": 0.0,
            "accuracy": 0.8916256157635468,
            "AUC": 0.5
        },
        {
            "train samples": "75",
            "defective train samples": "8",
            "precision": 0.0,
            "recall": 0.0,
            "pf": 0.025157232704402517,
            "F-measure": 0.0,
            "accuracy": 0.8707865168539326,
            "AUC": 0.48742138364779874
        }
    ]
}