{
    "method": "QuadraticDiscriminantAnalysis",
    "dataset": "NASA",
    "subDataset": "pc1",
    "result": [
        {
            "train samples": "70",
            "defective train samples": "6",
            "precision": 0.4166666666666667,
            "recall": 0.09090909090909091,
            "pf": 0.01206896551724138,
            "F-measure": 0.1492537313432836,
            "accuracy": 0.9102362204724409,
            "AUC": 0.5394200626959247
        },
        {
            "train samples": "140",
            "defective train samples": "12",
            "precision": 0.0,
            "recall": 0.0,
            "pf": 0.0,
            "F-measure": 0.0,
            "accuracy": 0.9132743362831859,
            "AUC": 0.5
        },
        {
            "train samples": "211",
            "defective train samples": "18",
            "precision": 0.0,
            "recall": 0.0,
            "pf": 0.0,
            "F-measure": 0.0,
            "accuracy": 0.9129554655870445,
            "AUC": 0.5
        }
    ]
}