{
    "method": "MLPClassifier",
    "dataset": "CK",
    "subDataset": "lucene2",
    "result": [
        {
            "train samples": "33",
            "defective train samples": "20",
            "precision": 0.6048780487804878,
            "recall": 0.6775956284153005,
            "pf": 0.6532258064516129,
            "F-measure": 0.6391752577319587,
            "accuracy": 0.5439739413680782,
            "AUC": 0.5121849109818438
        },
        {
            "train samples": "67",
            "defective train samples": "40",
            "precision": 0.6848484848484848,
            "recall": 0.6932515337423313,
            "pf": 0.4727272727272727,
            "F-measure": 0.6890243902439025,
            "accuracy": 0.6263736263736264,
            "AUC": 0.6102621305075293
        },
        {
            "train samples": "101",
            "defective train samples": "60",
            "precision": 0.673469387755102,
            "recall": 0.6923076923076923,
            "pf": 0.5,
            "F-measure": 0.6827586206896552,
            "accuracy": 0.6150627615062761,
            "AUC": 0.5961538461538461
        }
    ]
}