{
    "method": "MLPClassifier",
    "dataset": "CK",
    "subDataset": "synapse1",
    "result": [
        {
            "train samples": "25",
            "defective train samples": "8",
            "precision": 0.6530612244897959,
            "recall": 0.41025641025641024,
            "pf": 0.1111111111111111,
            "F-measure": 0.5039370078740157,
            "accuracy": 0.7272727272727273,
            "AUC": 0.6495726495726495
        },
        {
            "train samples": "51",
            "defective train samples": "17",
            "precision": 0.5303030303030303,
            "recall": 0.5072463768115942,
            "pf": 0.22794117647058823,
            "F-measure": 0.5185185185185185,
            "accuracy": 0.6829268292682927,
            "AUC": 0.6396526001705031
        },
        {
            "train samples": "76",
            "defective train samples": "25",
            "precision": 0.55,
            "recall": 0.5409836065573771,
            "pf": 0.226890756302521,
            "F-measure": 0.5454545454545455,
            "accuracy": 0.6944444444444444,
            "AUC": 0.657046425127428
        }
    ]
}