{
    "method": "ISDA",
    "dataset": "CK",
    "subDataset": "synapse1",
    "result": [
        {
            "train samples": "25",
            "defective train samples": "8",
            "precision": 0.5164835164835165,
            "recall": 0.6025641025641025,
            "pf": 0.2875816993464052,
            "F-measure": 0.5562130177514794,
            "accuracy": 0.6753246753246753,
            "AUC": 0.6574912016088487
        },
        {
            "train samples": "51",
            "defective train samples": "17",
            "precision": 0.46153846153846156,
            "recall": 0.5217391304347826,
            "pf": 0.3088235294117647,
            "F-measure": 0.4897959183673469,
            "accuracy": 0.6341463414634146,
            "AUC": 0.606457800511509
        },
        {
            "train samples": "76",
            "defective train samples": "25",
            "precision": 0.5,
            "recall": 0.5901639344262295,
            "pf": 0.3025210084033613,
            "F-measure": 0.5413533834586466,
            "accuracy": 0.6611111111111111,
            "AUC": 0.6438214630114341
        }
    ]
}